id	lang	idiom	type	genlang_point	map	feature	value1	value1_name	value2	value2_name	value3	value3_name	value4	value4_name	other	other	comment	contributor	form	example_as_in_source	example Cyrillic	example	gloss	translation_as_in_source	translation	source	example_source	page	example_comment
1	Agul	Huppuq'	village	yes	no	Светлой памяти	yes	rahmat	no	may his sins be washed away	no		no	ʡaˁpa	no			Nina Dobrushina	raħmat xaǯe	xe Paali-n, raħmat xa-ǯe Paali-n Hamida gymbet al-ix.i-na-du?			our.INCL Paalaj-GEN grace become.IPF-PART.OPT Paalaj-GEN Hamid.GEN tombstone SUPER-put.PF-CONV-Q:NEG	Нашей Паалай, покойному Гамиду, сыну Паалай, поставили ведь памятник?	Our Paalai, the late Gamid, son of Paalai, was given a monument, wasn't he?	Agul corpus	Agul corpus		
1	Agul	Burkikhan	village	yes	yes	Светлой памяти	no	rahmat	no	may his sins be washed away	no		yes	ʡaˁpa	no			Nina Dobrushina	gunahar ʡafa aq’uraj učin	gunah-ar ʡafa aq’u-raj uči-n, imami fat’ima-w-as=ra χura-s xu-n-dawuj			sin-PL forgiveness(?) do.PF-OPT self-GEN imami fatima-APUD-EL=ADD read.IPF-INF become.PF-PFT-Cop:NEG:PST	Пусть простятся ее грехи, даже Имами Фатима тоже не смогла прочесть. 	May her sins be forgiven, even Imami Fatima could not read either. 	Agul corpus	Agul corpus		Ну вот как видишь мы не знали, что-то типа "прощение", какой-то арабизм. Вот в словаре Рамазанова: 1ЕФ'У, -йи, -йиъ, -ври а прощание с близкими, родными с прощением им грехов, долгов перед смертью или перед отправкой в дальний и опасный путь (напр., перед поездкой на хадж в Мекку); чвас ~ хьурай да будет вам прощение, грехов, долгов.
2	Akhvakh	Northern Akhvakh	dialect_toplevel	yes	yes	Светлой памяти	no	rahmat	yes	may his sins be washed away	wash		no	ʡaˁpa	no		ЧОРУЛЪIА (чitри, чбва, чаба, чабёгье, чаре) 1. l) купаться;  2) умываться	Nina Dobrushina	ĩs:u (ĩɬːiƛːi) munahela ča:da	иᴴс̄у (/ иᴴлъ̄илӀи) мунагьела ча̄да		ĩs:u (ĩɬːiƛːi) munahela ča:da	 sin-PL wash-PFV.PTCP-M	при упоминании о покойном: да смоются его грехи	at the mention of the deceased: may his sins be washed away.	magomedovaabdullaeva2007	magomedovaabdullaeva2007		
4	Akhvakh	Northern Akhvakh	dialect_toplevel	no	no	Светлой памяти	no	rahmat	yes	may his sins be washed away	wash		no	ʡaˁpa	no			Nina Dobrushina	Инссу мунагьела чадаве	Диве има, инссу мунагьела чадаве		di<w>e ima, ĩs:u munahe-la ča:-da<w>e	<M>I father REFL sin-PL wash-PFV.PTCP-M	мой отец, пусть простят его грехи	my father, may his sins be forgiven.	Indira Abdullaeva, p.c.	indira abdullaeva pc		
5	Andi	Zilo	village	yes	yes	Светлой памяти	no	rahmat	yes	may his sins be washed away	wash		no	ʡaˁpa	no			Nina Dobrushina	мунагьол абчоб	мунагьол абчоб пайзудинди л1ут1и джабирадо лъен рихери		мунагьо-л а<б>чо-б	 sin.PL-ABS.PL wash<N.PL>-PTCP.PF Paisudin-ERG wedge ? water ?	Аллах простит его грехи Пайзудин клин забивал чтобы воду набрать	Allah forgive his sins Paizudin was hammering a wedge to get water.	Aigul Zakirova, p.c.	Zakirova pc		
5	Andi	Rikvani	village	no	yes	Светлой памяти	no	rahmat	yes	may his sins be washed away	wash		no	ʡaˁpa	no			Nina Dobrushina	мунагьол абчоб	гьевгасси гьек1 вук1о мунагьол абчоб Тулпрарло. 		hewgas:i hek' wuk'o munahol abčob tulprarlo		вот такой был человек да простятся ему грехи Тулпар тоже.		Aigul Zakirova, p.c.	Zakirova pc		
5	Andi	Muni	village	no	yes	Светлой памяти	no	rahmat	yes	may his sins be washed away	wash		no	ʡaˁpa	no			Nina Dobrushina	мунагьоли ачови	мунагь-оли              ачо-ви              в-еч1уха-има гьао       дио           мокьилъи грех-pl.abs                 мыть-ptcp         M-большой-отец        я.AFF?      ??? Я увидала во сне покойного дедушку 		 	sin-pl.abs                 wash-ptcp         M-big-father        I.AFF?      ???			Aigul Zakirova, p.c.	Zakirova pc		
5	Andi	Muni	village	no	no	Светлой памяти	no	rahmat	yes	may his sins be washed away	wash	may his sins be washed away	no	ʡaˁpa	no			Nina Dobrushina	мунагьоли ачодо	Дий мунагьоли ачодо энщуви веч1уха има угъи хороша			мой грехи смыть его дедушка был чабан			Konstantin Filatov pc			
6	Archi	Archib	village	yes	yes	Светлой памяти	no	rahmat	yes	may his sins be washed away	wash	may his sins be washed away	no	ʡaˁpa	no			Nina Dobrushina	bunahmul čučəba	osːanna čʼʷada-š duχij bunah-mul čučəb-a dija-mu tʼantʼ b-ešːde hilažon χo-tːu-r buwa=wu o<r>ki-li one.year Chwadab-El upstream sin-Pl wash-Imp father-Obl(Erg) hive 3-take.Pfv ? 4.find.Pfv-Attr-2 mother=Add <2>carry.Pfv-Cvb.Pfv 'One year my late dad brought from Chwad upstream (e.g. to Archib) a hive, bringing along my late mother.' 		osːanna čʼʷada-š duχij bunah-mul čučəb-a dija-mu tʼantʼ b-ešːde hilažon χo-tːu-r buwa=wu o<r>ki-li 	one.year Chwadab-El upstream sin-Pl wash-Imp father-Obl(Erg) hive 3-take.Pfv ? 4.find.Pfv-Attr-2 mother=Add <2>carry.Pfv-Cvb.Pfv	One year my late dad brought from Chwad upstream (e.g. to Archib) a hive, bringing along my late mother.'	One year my late dad brought from Chwad upstream (e.g. to Archib) a hive, bringing along my late mother.'	Daniel pc			
6	Archi	Archib	village	yes	no	Светлой памяти	no	rahmat	yes	may his sins be washed away	wash	may his sins be washed away	no	ʡaˁpa	no			Nina Dobrushina	bunahmul čučəbotːur	bunah-mul čučəbo-tːu-r d-is um-mi-n ij-mi-n šəker-tːu-r e-r-di pətʼimat-er-ši			sin-Pl wash-Attr-2 2-I.gen father-Obl-Gen mother-Obl-Gen be.cousin-Attr-2 be-2-Pst Patimat=say.ipfv-Cvb.Ipfv	I had a late cousin of my father's mother, called Patimat'					
6	Archi	Archib	village	yes	no	Светлой памяти	no	rahmat	yes	may his sins be washed away	wash	may his sins be washed away	no	ʡaˁpa	no			Nina Dobrushina	bunahmul čučeba allahli	wišː=u mača bunah-mul čučeb-a allah-li ža-n pətʼa-n lo e-r-di-li muʔminət=er-ši			you.pl=Add kin sin-Pl wash-Imp Allah-Erg self-Gen Pata-Gen child be-2-Pst-Evid Muminat=say.Ipfv-Cvb.Ipfv	And your relative, Pata's late daughter, her name was Muminat'					
7	Armenian	Modern Eastern Armenian	dialect_toplevel	yes	yes	Светлой памяти	no	rahmat	no	may his sins be washed away	no	may his sins be washed away	no	ʡaˁpa	other	light		Nina Dobrushina		Astvac hogin lusavori			god soul enlighten	пусть Бог осветит дух	God enlighten the soul	Eduard Antonyan pc			
7	Armenian	Modern Eastern Armenian	dialect_toplevel	no	yes	Светлой памяти	no	rahmat	no	may his sins be washed away	no	may his sins be washed away	no	ʡaˁpa	other	light		Nina Dobrushina		Լուսահոգի պապիկս լավ շինարար էր:		usa-hogi papik-s lav šinarar e'r	light-soul grandfather-1Sg.Poss good builder be.pst.3.sg	Мой озаренный светом дедушка был хорошим строителем.	My illuminated by the light grandpa was a good builder.	Gohar Muradyan pc			
7	Armenian	Modern Eastern Armenian	dialect_toplevel	no	yes	Светлой памяти	no	rahmat	no	may his sins be washed away	no	may his sins be washed away	no	ʡaˁpa	other	light		Nina Dobrushina		Պապիկս, աստված հոգին լուսավորի, լավ շինարար էր:		papik-s, astvac' hogi-n lus-avor-i, lav shinarar e'r:	grandparent-1Sg.Poss God soul-Def ligh-Adjvz-Subj.3.Sg good builder be.past.3.sg	Мой дедушка, да озарит бог его душу, был хорошим строителем.	My grandfather, may God illuminate his soul, was a good builder.	Gohar Muradyan pc			
8	Avar	Standard Avar	language	yes	yes	Светлой памяти	no	rahmat	yes	may his sins be washed away	wash	may his sins be washed away	no	ʡaˁpa	no		чуризе - мыть	Nina Dobrushina	мунагьал чурайав	мунагьал чурайав   «(тот), чьи грехи да смоются» мунагьал чурайай   «(та), чьи грехи да смоются».		munahal čurajaw				mallaeva pc	mallaeva pc	na	
11	Azerbaijani	Standard Azerbaijani	language	yes	yes	Светлой памяти	yes	rahmat	no	may his sins be washed away	no	may his sins be washed away	no	ʡaˁpa	no			Nina Dobrushina	 Allah rəhmət eləsin	Öl-ən-lər-iniz-ə   Allah rəhmət elə-sin,  bir  gün mənim rəhmətlik baba-m nə-dən ötrü=isə nökər-imiz-i  məscid-ə  göndər-miş-di. 	 	Öl-ən-lər-iniz-ə   Allah rəhmət elə-sin,  bir  gün mənim rəhmətlik baba-m nə-dən ötrü=isə nökər-imiz-i  məscid-ə  göndər-miş-di.	die-PTCP.SBJ-POSS:2PL-DAT God   mercy  do-JUS:3 one day I.GEN  late grandfather-POSS:1SG what-ABL for_the_sake_of=INDF servant-POSS:1PL-ACC mosque-DAT send-PRF-PST:3	Да смилостивится бог над вашими умершими, однажды мой покойный дед с какой-то целью отправил нашего слугу в мечеть	May God have mercy on your dead, my late grandfather once sent our servant to the mosque for some purpose	Murad Suleymanov, p.c.	murad suleymanov pc		
11	Azerbaijani	Standard Azerbaijani	language	no	yes	Светлой памяти	yes	rahmat	no	may his sins be washed away	no	may his sins be washed away	no	ʡaˁpa	no		Оба происходят от арабского корня r-ḥ-m. Первое слово в арабском является страдательным причастием от глагола «миловать». Второе слово состоит из арабского отглагольного существительного «милость» и тюркского суффикса -lik, образующего (в этом конкретном случае) отымённое прилагательное со значением «предназначенный для, относящийся к, достойный» (милости божьей).	Nina Dobrushina	mərhum; разговорн. — синонимичное ему rəhmətlik	İlk dəfə tələbələri Dağıstana aparan mərhum / rəhmətlik Saşa Kibrik olub.	 			Светлой памяти Саша Кибрик первым стал возить студентов в Дагестан		Murad Suleymanov, p.c.	murad suleymanov pc; фельетон авторства Г. Кабулова, опубликованнsq в досоветском издании журнала «Молла Насредин» (№ 2, 11 января 1909 г.):		
12	Bagvalal		village	yes	yes	Светлой памяти	no	rahmat	yes	may his sins be washed away	wash	may his sins be washed away	no	ʡaˁpa	no		 б́учуна купаться, мыть	Nina Dobrushina	муна́гь буча́ᴴв	муна́гь буча́ᴴв				при упоминании о покойном: да смоются его грехи		magomedova2004	magomedova2004		
12	Bagvalal	Kvanada	village	yes	yes	Светлой памяти	no	rahmat	yes	may his sins be washed away	wash	may his sins be washed away	no	ʡaˁpa	no		ЧОРДИ/ЛА (-0, -ас, -а, -б/о, -йх) I) полоскать	Nina Dobrushina		Аллащур рух! Иман-ала б-угьу бисамела мунагь чордила гьо-в гьек!о вук!а. мах1мадир дугьа сагълир ичала						pc with			
12	Bagvalal		village	yes	yes	Светлой памяти	no	rahmat	no	may his sins be washed away	no	may his sins be washed away	yes	ʡaˁpa	no		АПАДЖАЛГЬУ/В при упоминании о покойном: да смоются его грехи; гьов гьёк1ва вук1а апАджалгьув хороший был человек, да смоются его грехи 2) I и II (-щу/б, -лъилъ, -и) покойный; ападжалгьущуб васигат завещание покойного; гим., кван., тлон. мунйгь чурдув   Г1АЖАЛ/Г1АДЖАЛ III (-алъ) смертный час, смерть; роковой час О г!ажал бегьёх бак1ула бурно реагировать на горе (букв, брать смерть); тлон. г1аджал	Nina Dobrushina	апа́джалгьув	гьов гьéкӀва вукӀа апа́джалгьув		how hek'wa wuk'a apaǯalhuw		при упоминании о покойном: да смоются его грехи		magomedova2004	magomedova2004		
14	Bezhta	Bezhta	village	yes	yes	Светлой памяти	no	rahmat	yes	may his sins be washed away	ablution	may his sins be washed away	no	ʡaˁpa	no		ЧУРЗИ ЙАХЪ/АЛ IV (мн. чурзи йахъал, -ийо, -да, -0) смываться; дибо мунагьла чурзи йахъала! да смоются твои грехи! мыть - низал ЧУРЗИ ЙО/ВАЛ IV (мн. чурзи йовагьал, -ойо, -ос, -ва) смывать	Nina Dobrushina	munahla čurzi jowahala	Allah-li            munah-la         čurzi j-owah-ala			Allah-erg       sin-pl              wash nhpl-do-opt	‘Пусть Всевышний простит грехи!’ 		Zaira Khaliova pc; xalilov2015: 369			
	Bezhta	Bezhta	village	no	no	Светлой памяти	no	rahmat	yes	may his sins be washed away	ablution	may his sins be washed away	no	ʡaˁpa	no			Nina Dobrushina		Бувагъовасна чӀагойабласна мунагьла чурзи йовагьала!				Да смоются грехи живых и мертвых!		Mazhid Khalilov, p.c.	Khalilov pc		в словаре и грамматике ахо, в письме аахо
15	Botlikh	Botlikh	village	yes	yes	Светлой памяти	no	rahmat	yes	may his sins be washed away	wash	may his sins be washed away	no	ʡaˁpa	no		мучай - мыть	Nina Dobrushina	munahabaɬi mučibe	мунагьабалъи мучибе гьущуб		munaha-baɬi muč-ibe hu-šːu-b	sin-PL wash-OPT  DEM-OBL.M-N(GEN)	да смоются его грехи ( при упоминании о покойном )		saidovaabuzov2012	saidovaabuzov2012		
16	Budukh	Budukh	village	yes	yes	Светлой памяти	yes	rahmat	no	may his sins be washed away	no	may his sins be washed away	no	ʡaˁpa	no			Nina Dobrushina	рах1амтлу	рах1амтлу Рашид г1ари идми вини 		raħamtlu Rašid ʕari idmi w-i-ni	forgiveness Rashid good men M-be-PST	покойный Рашид был хороший человек.		mejlanova1984	mejlanova1984	121	 
17	Chamalal	Lower Gakvari	village	yes	yes	Светлой памяти	no	rahmat	yes	may his sins be washed away	deprive	may his sins be washed away	no	ʡaˁpa	no		ЧУРЙЛА (чурид, чурда, чуридбе(кьа), чурйдв, чурдахъ) терять (лишаться) чего-л.; бос! чурйла лишаться имущества 0 мунёгь чурид да смоются грехи	Nina Dobrushina	muneh čurida	мунегь чурида		muneh čurida	sin lose-FUT?		при упоминании о покойном: да смоются его грехи	magomedova1999	magomedova1999		
19	Chechen	Standard Chechen	language	no	no	Светлой памяти	no	rahmat	no	may his sins be washed away	no	may his sins be washed away	no	ʡaˁpa	other			Nina Dobrushina		Алахl гечдойла lумарина / Далла гечдойла						pc with Ajub Titiev			
19	Chechen	Standard Chechen	language	no	no	Светлой памяти	no	rahmat	no	may his sins be washed away	no	may his sins be washed away	no	ʡaˁpa	other			Nina Dobrushina	Daala gechdojla (cunna)	Daala gechdojla cunna	Вайн Іер-дахар машаречу дахаре дерзорехь НР-н хьалхарчу президента Кадыров Ахьмад-Хьаьжас (Дала гечдойла цунна) шен омраца кхоьллина ю «Президентан, керла белхан меттигаш кхолларехула йолу туш (штаб)»	vajn ʕier-daːχar maːʃarie-ʧu daːχar-ie dierzuor-ieħ nr-n ħalχar-ʧu prezident-a kadirov aħmad-ħaeʒa-s daːla geʧdojla ʦunːa ʃien omra-ʦa qyelː-ina ju prezident-an kerla bielχ-an metːig-aʃ quolːar-ie-χula jolu tuʃ 	1P.INC.GEN rest.MAZ-D.live.MAZ peaceful-OBL D.live.MAZ-ALL D.turn.DCAUS.MAZ-LOC NR-GEN first-OBL president-ERG Kadirov Ahmad-hadzh-ERG God-ERG forgive-D-do.PRS-SUBJ 3S.DAT 3S.RFL.GEN command-INS create-PST J.PRS president-GEN new work-GEN place-PL create.MAZ-ALL-THR J.REL.PRS headquarter	The office for the creation of new jobs of the President was created at the order of the first President of Ch.R., Kadirov Ahmad–Hadzhi (may God forgive him).  It was intended to help transform our life into a peaceful one		pc with Erwin Komen			
29	Dargwa	Tsugni	village	yes	yes	Светлой памяти	no	rahmat	no	may his sins be washed away	no	may his sins be washed away	no	ʡaˁpa	other	грехи-ошибки		Nina Dobrushina	bunah χːat'a gurduc	dila       χʷaltːatːi     (cun-na)                  bunah       χːat'a                gu-r-d-uc-0                                               ʡaˤχce       admi     w-irχʷ-aj 1GEN   grandfather  (REFL.OBL-GEN)   sin             mistake/error    SUB-ABL-NPL-keep/catch.PFV-OPT(3)    good-ATR  person    M-be.IPFV-3HAB.PST ''Мой дедушка, пусть простят ему его грехи, был хорошим человеком.''		dila χʷaltːatːi (cun-na) bunah χːat'a gu-r-d-uc-0 ʡaˤχce admi w-irχʷ-aj	1GEN grandfather (REFL.OBL-GEN) sin mistake/error SUB-ABL-NPL-keep/catch.PFV-OPT(3) good-ATR person M-be.IPFV-3HAB.PST	Мой дедушка, пусть простят ему его грехи, был хорошим человеком.		Gasangusen Sulaibanov pc			
28	Dargwa	Urtsaki	village	no	yes	Светлой памяти	no	rahmat	no	may his sins be washed away	no	may his sins be washed away	no	ʡaˁpa	other	грехи-ошибки		Nina Dobrushina	банагь хат/а гурхьадус(аб)	Синна банагь хат/а гурхьадус(аб) г/яхси адами виргьере. Его грехи и ошибки чтоб простили хороший человек был.		sin-na banah xat'a gurxadusab ʕaˁχ-si adami wirhere	self.SG-GEN sin mistake ? good men M-be?	Его грехи и ошибки чтоб простили хороший человек был.		Kash-Magomed from Urtsaki, p.c.	Kash-Magomed from Urtsaki, pc		
29	Dargwa	Tanty	village	yes	yes	Светлой памяти	no	rahmat	no	may his sins be washed away	no	may his sins be washed away	no	ʡaˁpa	other	грехи-ошибки		Nina Dobrushina	bunah-xat'a gurduc	Дила ххвала ттатти (бунагь-хат1а гурдуц)  г1яхссе лацла устта сайде		dila   χː˳ala.tːatːi    bunah-xat'a gurduc  ʕaˁχ-se lac-la ust:a sa-j-de	I.GEN grandfather sin mistake SUB-ABL-NPL-keep/catch.PFV-OPT(3) good-ATTR wall-GEN craftsmen COP-M-?						
21	Dargwa	Standard Dargwa 	language	yes	yes	Светлой памяти	no	rahmat	no	may his sins be washed away	no	may his sins be washed away	yes	ʡaˁpa	no		барес-бирис 'делать pf, ipf' баркьес - биркьес 'делать pf, ipf'	Nina Dobrushina	г1япабараб сунела	г1япабараб сунела, муъмин адамри пусть помилует его бог, был праведником.	г1япабараб сунела, муъмин адамри	ʡaˁpa b-ar-ab sunela muʔmin adam-ri	forgiveness n-do.pfv-OPT REFL pious men-PST	пусть помилует его бог, был праведником. 					
	Dargwa	Standard Dargwa 		no	no	Светлой памяти	no	rahmat	no	may his sins be washed away	no	may his sins be washed away	yes	ʡaˁpa	no				г1япабаркь	г1япабаркь гӀяхӀси адам вири хорошим человеком был покойный 	г1япабаркь гӀяхӀси адам вири	ʡaˁpa barq' ʡaˁħ-si adam w-iri	forgiveness n-do.pfv.OPT good-ATTR men M-be.PST	хорошим человеком был покойный 	The deceased was a good man	yusupov2014	yusupov2014	350	
27	Dargwa	Kubachi	village	yes	yes	Светлой памяти	no	rahmat	no	may his sins be washed away	no	may his sins be washed away	yes	ʡaˁpa	no			Nina Dobrushina	Синна гIяпабакь!	Синна гIяпабакь! собол. пусть грехи его будут прощены (всевышным)! 	Синна гIяпабакь!		self forgiveness N-do.OPT	пусть грехи его будут прощены (всевышным)!		magomedovsaidovakkutta2017		270	
27	Dargwa	Kubachi	village	yes	no	Светлой памяти	no	rahmat	no	may his sins be washed away	no	may his sins be washed away	yes	ʡaˁpa	no			Nina Dobrushina	синна гьяпгья бяякь	Дам х1ан либал, диля абакъалла аттадиль х1авкьул (синна гьяпгья бяякь)				Помню как говорил мой дед ( упоминание)		 pc with Murad			
28	Dargwa	Sanzhi	village	no	yes	Светлой памяти	no	rahmat	no	may his sins be washed away	no	may his sins be washed away	yes	ʡaˁpa	no			Nina Dobrushina	ʡaˁpa b-arq’-ab	ʡaˁpa        b-arq’-ab        cin-na			commemoration n-do.pfv-opt.3 refl.sg-gen	‘May God bless him/her!’ 		forker	Forker		
28	Dargwa	Chirag	village	no	yes	Светлой памяти	no	rahmat	no	may his sins be washed away	no	may his sins be washed away	yes	ʡaˁpa	no			Nina Dobrushina	ʡapa b-arq'-ab	wali=ra               w-ač'-ib,              ʡapa        b-arq'-ab             cin-na 			PN(ABS)=ADD             M.SG-come:PF-AOR                <RIP>                N.SG-do:PF-JUSS          self.SG-GEN	‘Wali also came, God rest his soul.’		Ganenkov ms	Ganenkov ms		
29	Dargwa	Tanty	village	yes	yes	Светлой памяти	no	rahmat	no	may his sins be washed away	no	may his sins be washed away	yes	ʡaˁpa	no			Nina Dobrushina	г1япу баркь	Дила ххвала ттатти  (г1япубаркь) г1яхссе лацла устта сайде		dila   χː˳ala.tːatːi    ʡaˁpu   barq'   ʕaˁχ-se lac-la ust:a sa-j-de	I.GEN grandfather forgive N-do.PFV good-ATTR wall-GEN craftsmen COP-M-?	"Мой дедушка (светлой памяти) был хорошим строителем"		Ландер pc		406	
28	Dargwa	Urtsaki	village	no	yes	Светлой памяти	no	rahmat	no	may his sins be washed away	no	may his sins be washed away	yes	ʡaˁpa	no			Nina Dobrushina	синна г1япа баркь	синна г1япа баркь		sinna ʡaˁpa  barq'  				Kash-Magomed from Urtsaki, p.c.	Kash-Magomed from Urtsaki, pc		
28	Dargwa	Tsudakhar	village	no	yes	Светлой памяти	no	rahmat	no	may his sins be washed away	no	may his sins be washed away	yes	ʡaˁpa	no	грехи-ошибки		Nina Dobrushina	Аллагьли банагь ххат!а дирцаб сунела	Дила ххула ттуттеш Аллагьли банагь ххат!а дирцаб сунела, ах!ссе устта  ирхе				Мой дедушка, да простит Аллах его грехи, был хорошим строителем		Салим Джабраилов pc			
	Dargwa	Kaitag	dialect_toplevel	no	yes	Светлой памяти	no	rahmat	no	may his sins be washed away			no	ʡaˁpa	yes	грехи-ошибки	Это вариант даргинского гьамадси, гьамаддеш (Узлипат)	Nina Dobrushina	цинна бунагь-хат1алжир Аллагь чевверх	дила хвала атта, цинна бунагь-хат1алжир Аллагь чевверх, г1ях1мейдан види				Мой дедушка, да простит Аллах его грехи, был хорошим человеком		Узлипат Гасанова pc			
23	Dargwa	Mehweb	village	yes	yes	Светлой памяти	no	rahmat	yes	may his sins be washed away	(deprive)	may his sins be washed away	no	ʡaˁpa	no		 "пусть окажется, что их спрятали"	Nina Dobrushina		sa<w>i         hisaʡat         urʔ-un-i-ħe-w=gʷa,                 bunah-une          self<M>         now                 M.clean:Pfv-Aor-Attr-In-M=Ptcl, sin-Pl          d-aˤld-aˤq-i-le                         d-arg-ab                 sune-la NPl-hide:Pfv-Caus-Pst-Cvb         NPl-find:Pfv-Opt         self-Gen 'Let his sins be hidden' (но буквально все же все же именно переходное прятать)  грехи спрятавшись пусть найдутся его 		sa<w>i  hisaʡat  urʔ-un-i-ħe-w=gʷa,  bunah-une d-aˤld-aˤq-i-le d-arg-ab  sune-la	self<M> now M.clean:Pfv-Aor-Attr-In-M=Ptcl, sin-Pl NPl-hide:Pfv-Caus-Pst-Cvb NPl-find:Pfv-Opt self-Gen			Daniel pc			
23	Dargwa	Mehweb	village	yes	no	Светлой памяти	no	rahmat	yes	may his sins be washed away	(deprive)	may his sins be washed away	no	ʡaˁpa	no			Nina Dobrushina		сави уръунех1ев гва, сари руруунех1ев гва ИЛИ сави / сари буръуних1ев гва - он/она там где чисто находится									
31	Georgian	Standard Georgian	language	yes	yes	Светлой памяти	no	rahmat	no	may his sins be washed away	no	may his sins be washed away		ʡaˁpa	other	light		Nina Dobrushina		natelši amq’opos ɣmertma				“may God keep her/him in light”		Manana Tandashvili pc			
31	Georgian	Standard Georgian	language	yes	yes	Светлой памяти	no	rahmat	no	may his sins be washed away	no	may his sins be washed away		ʡaˁpa	other	light		Nina Dobrushina		natelši iq’os misi suli				“may her/his soul be in light”		Manana Tandashvili pc			
31	Georgian	Standard Georgian	language	yes	yes	Светлой памяти	no	rahmat	no	may his sins be washed away	no	may his sins be washed away		ʡaˁpa	other	light		Nina Dobrushina		ghmertma gaanatlos sasha k'ibrik'is suli				God Enlighten the Spirit of Sasha Kibrik		Kevin Tuite pc			
31	Georgian	Standard Georgian	language	yes	yes	Светлой памяти	no	rahmat	no	may his sins be washed away	no	may his sins be washed away		ʡaˁpa	other	light		Nina Dobrushina		 upal-ma/γmert-ma natel-ši a-mq’op-o-s			Lord-ERG/God-ERG bright-INESS FACT-make.be-OPT-S3SG	«Пусть Господь/Бог хранит (ее/ее/их) в светлом (мире)».		Alex Popiel pc			
31	Georgian	Standard Georgian	language	yes	yes	Светлой памяти	no	rahmat	no	may his sins be washed away	no	may his sins be washed away	no	ʡaˁpa	other			Nina Dobrushina		γmert-ma še-u-nd-o-s			Бог-ERG INGR-APPL-хотеть-OPT-S3SG	«Пусть Бог простит (ей/ему/им) (прегрешения)»		Alex Popiel pc			
32	Godoberi	Godoberi	village	yes	yes	Светлой памяти	no	rahmat	yes	may his sins be washed away	deprive	may his sins be washed away	no	ʡaˁpa	no		чури́ᴴ - лишаться; мыть - другой глагол	Nina Dobrushina	мунагьабе чураᴴвара	мунагьабе чураᴴвара	да смоются его грехи (при упоминании о покойном)	munahabe čura~wara				saidova2006	saidova2006	226	
35	Hinuq	Hinuq	village	yes	yes	Светлой памяти	no	rahmat	yes	may his sins be washed away	ablution	may his sins be washed away	no	ʡaˁpa	no		КIИЛИКI/Á (кIиликко, -иш, -о) 1) мыть, умываться; квезейбе кIиликIа мыть руки; ЧуРЗИ: чурзи б/ихъа рел. мыться, смываться ЧуРЗИ: чурзи б/ува рел. мыть, смывать; мунахIбе чурзи рvлIо! да смоют (его) грехи!	Nina Dobrushina		мунахIбе чурзи рvлIо!		munaħ-be  čurzi r-u-ƛo	sin-PL ablution 5-do-OPT	да смоют грехи! да простят (его) за грехи!		xalilovisakov2005		436	hune kekiroƛo in the dictionary by Khalilov-Isakov
36	Hunzib	Hunzib	village	yes	yes	Светлой памяти	no	rahmat	yes	may his sins be washed away	ablution	may his sins be washed away	no	ʡaˁpa	no		мыть - ныза, рулъа; чурзи в словаре нет, только в этом выражении	Nina Dobrushina		мунахlла чурзи рувоб		munaħ-la čurzi r-uw-ob	sin-PL ablution 4-do-OPT	да смоются грехи		isakovxalilov2001		126	
38	Ingush	Standard Ingush	language	yes	yes	Светлой памяти		rahmat	no	may his sins be washed away	no	may his sins be washed away	no	ʡaˁpa	other		The sense is 'may God preserve what he has accomplished in life on earth'.  For 'secret' in this sense cf. also     Deala        q'eilie-n-azh    God.GEN  secret-EXTENSION-PL    lit. 'God's secrets/mysteries', sense more like 'life's mysteries, unknowable things' 	Nina Dobrushina		 Daala        q'eilie   c'än-j.oila            cyn			God.ERG  secret  clean-J.LV.OPT  3sg.GEN	lit. 'may God preserve (=keep fresh, keep from spoiling) his secret' 		Johanna Nichols, p.c.			
38	Ingush	Standard Ingush	language	yes	yes	Светлой памяти		rahmat	no	may his sins be washed away	no	may his sins be washed away	no	ʡaˁpa	other			Nina Dobrushina		Са даь да (или наьн да, если по матери), Дала гешт долд цун, дика г1ишлохо вар					Мой дедушка, да простит его Всевышний, был хорошим строителем.	Timur Akiev pc			
38	Ingush	Standard Ingush	language	yes	yes	Светлой памяти		rahmat	no	may his sins be washed away	no	may his sins be washed away	no	ʡaˁpa	other			Nina Dobrushina		Са даь-да, Дала вийрза-ваха моттиг даькъала йойла цун, дика г1ишлохо вар					Мой дедушка, пусть Всевышний в другом мире дарует ему блага, был хорошим строителем.	Fatima Plieva pc			
38	Ingush	Standard Ingush	language	yes	yes	Светлой памяти		rahmat	no	may his sins be washed away	no	may his sins be washed away	no	ʡaˁpa	other			Nina Dobrushina		Са Даь-да, ялсмален хьаьша волва из, дика г1ишлохо вар					Мой дедушка, пусть Всевышний сделает его обитателем  рая (гостем в раю), был хорошим строителем.	Fatima Plieva pc			
39	Karata	Karata	village	yes	yes	Светлой памяти	no	rahmat	yes	may his sins be washed away	deprive	may his sins be washed away	no	ʡaˁpa	no		МЫТЬ буча"лъа: чу'ралъа (-е, -ас, -ей, -ебхва, -еда) лишаться чего-л.; терять; бец1ур чуралъа лишиться богатства, добра мунагь чурейкьа да смоются грехи	Nina Dobrushina		мунагь чуревхва вусаᴴв				при упоминании о покойном, да смоются (его) грехи		magomedovaxalidova2001	magomedovaxalidova2001	225	
39	Karata	Karata	village	yes	no	Светлой памяти	no	rahmat	yes	may his sins be washed away	deprive	may his sins be washed away	no	ʡaˁpa	no		МЫТЬ буча"лъа: чу'ралъа (-е, -ас, -ей, -ебхва, -еда) лишаться чего-л.; терять; бец1ур чуралъа лишиться богатства, добра мунагь чурейкьа да смоются грехи	Nina Dobrushina		мунагь чурейкьа				при упоминании о покойном, да смоются (его) грехи		magomedovaxalidova2001	magomedovaxalidova2001	320	
42	Karata	Anchiq	village	no	yes	Светлой памяти	no	rahmat	yes	may his sins be washed away	wash	may his sins be washed away	no	ʡaˁpa	no			Nina Dobrushina	мунагь мучав	Ц1акъов гьек1ва вук1ва мунагь мучав «Хороший был человек покойный»		c'aq'o-w hek'wa w-uk'wa munah m-uča-w	good-M men M-be.PST sin M-wash.PTCP-M	Хороший был человек покойный	He was a good man, the deceased	gadzhimagomedov2019	gadzhimagomedov2019	NA	
44	Khinalug	Khinalug	village	yes	yes	Светлой памяти	yes	rahmat	no	may his sins be washed away	no	may his sins be washed away	no	ʡaˁpa	no			Nina Dobrushina	раьхlмаьтти	раьхlмаьтти Мыстафа холы кьяь кlишаьмаь 		räħmätti Mɨstafa χolɨ q’ä k'išämä		покойный дядя Мустафа в прошлом году умер		ganieva2002	ganieva2002	247	
	Khinalug	Khinalug	village	no	no	Светлой памяти	yes	rahmat	no	may his sins be washed away	no	may his sins be washed away	no	ʡaˁpa	no			Nina Dobrushina	раьхlмаьт каькква	сва быйу раьхlмаьт каькква		swa bɨju räħmät käk:wa		царство небесное твоему отцу!		ganieva2002	ganieva2002	247	
	Khinalug	Khinalug	village	no	no	Светлой памяти	yes	rahmat	no	may his sins be washed away	no	may his sins be washed away	no	ʡaˁpa	no			Nina Dobrushina	раьхlмаьт каькква	гъуцару гьнну раьхlмаьт каькква				пусть боr простит его		ganieva2002	ganieva2002	247	
	Khinalug	Khinalug	village	no	no	Светлой памяти	yes	rahmat	no	may his sins be washed away	no	may his sins be washed away	no	ʡaˁpa	no			Nina Dobrushina	рехмет кекоа	хуцары рехмет кекоа Ше аба кысан усташеме.				Мой дедушка (светлой памяти) был хорошим строителем"		pc Rasim Babaev			
45	Khwarshi	Kwantlada	village	yes	yes	Светлой памяти	no	rahmat	yes	may his sins be washed away	ablution	may his sins be washed away	no	ʡaˁpa	no		ЧУ́Р/И ІІІ (-и́, -и́бо, -иза́) рел. омовение (ритуальное омовение перед намазом); бусурманзас иттон чури беча бувок мусульманин всегда должен быть с омовением; см. тIагьрат 	Nina Dobrushina	Allahis-i munahi-ba čurid-aƛo	Allahis-i munahi-ba čurid-aƛo !			Allah-erg          sin-pl                perform.ablution-opt	Пусть Всевышний простит грехи	May the Almighty forgive the sins	Zaira Khaliova pc	Zaira Khaliova pc		Allahisi is built on combining the noun Allah ‘God’ and the demonstrative pronoun ise ‘that.OBL.’ It is the demonstrative pronoun that is marked with inflectional suffixes. It is used as a majestic form (‘He God’).
47	Kryz	Alik	village	yes	yes	Светлой памяти	no	rahmat	no	may his sins be washed away	no	may his sins be washed away	no	ʡaˁpa	other	light		Nina Dobrushina	ug sıraʕan nur kına işi	za babay, ug sıraʕan nur kına işi, sar ghala ustayəni			I.GEN grandfather SELFM(G) ? light spread be.OPT one-M good master-COP.M-PST	My grandfather, bless his memory, was a good builder		abdurrahman elikli			
47	Kryz	Alik	village	yes	yes	Светлой памяти	no	rahmat	no	may his sins be washed away	no	may his sins be washed away	no	ʡaˁpa	other	paradise		Nina Dobrushina	ug ciga cannat işi	za babay, ug ciga cannat işi, sar ghala ustayəni.			I.GEN grandfather SELFM(G) place paradise be.OPT one-M good master-COP.M-PST	My grandfather, bless his memory, was a good builder		abdurrahman elikli			
47	Kryz	Alik	village	yes	yes	Светлой памяти	yes	rahmat	no	may his sins be washed away	no	may his sins be washed away	no	ʡaˁpa	no			Nina Dobrushina	Allahcir anğan raʕmat aray	za babay, Allahcir anğan raʕmat aray, sar ghala ustayəni		za babay, Allahci-r a-n-ğan raʕmat ar-ay, sar ghala usta-yə-ni	I.GEN grandfather allah-ERG 3-H-EQU  mercy do-OPT one-M good master-COP.M-PST	My grandfather, bless his memory, was a good builder		abdurrahman elikli			
47	Kryz	Alik	village	yes	no	Светлой памяти	yes	rahmat	no	may his sins be washed away	no	may his sins be washed away	no	ʡaˁpa	no			Nina Dobrushina	raʕmattuk	za raʕmattuk babay sar ghala ustayəni.			I.GEN mercy-? grandfather one-M good master-COP.M-PST	My grandfather, bless his memory, was a good builder		abdurrahman elikli			
48	Kumyk	Standard Kumyk	language	no	no	Светлой памяти	no	rahmat	no	may his sins be washed away	no	may his sins be washed away	no	ʡaˁpa	no		не подтверждается говорящими	Nina Dobrushina	рагьмат этгир 	Аллагь рагьмат этгир 				да помилует егó Бог; цáрствие емý небéсное		bammatov2013	bammatov2013	246	
48	Kumyk	Standard Kumyk	language	no	no	Светлой памяти	no	rahmat	no	may his sins be washed away	no	may his sins be washed away	no	ʡaˁpa	other			Nina Dobrushina	гюнагьларындан Аллагь гечсин	гюнагь-лар-ын-дан   Аллагь             геч-син! грех-pl-3sg-abl         А.                   прощать-juss ‘Пусть Аллах простит ему грехи’.						pc with Natalya Logvinova			
48	Kumyk	Standard Kumyk	language	no	no	Светлой памяти	no	rahmat	no	may his sins be washed away	no	may his sins be washed away	no	ʡaˁpa	no			Nina Dobrushina		ер-и                 женнет-де     бол-сун!  Земля-3sg      рай-loc          быть-juss  ‘Пусть будет в Раю’						pc with Natalya Logvinova			
	Kumyk	Уллубийаул	language	no	no	Светлой памяти	no	rahmat	no	may his sins be washed away	no	may his sins be washed away	no	ʡaˁpa	no			Nina Dobrushina	гюнахларын Аллагь гечсин	Мени уллу атам, гюнахларын Аллагь гечсин, яхшы адам эди						pc with Salavat Salavatov			
52	Lak	Standard Lak 	language	yes	yes	Светлой памяти	no	rahmat	no	may his sins be washed away	no	may his sins be washed away	yes	ʡaˁpa	no			Nina Dobrushina	Аьпа биву	Аьпабиву ттул буттан ч1явусса магьри к1ула		æˁpa b-ivu t:ul but:a-n čʼæˁ<w>u-ssa mah-ri k'ul	memory N-do-OPT I.GEN father-DAT <PL>many-ADJ tale-PL know-3PST	Покойный (=да простятся его грехи) мой отец много сказок знал	My late (=may his sins be forgiven) father knew many tales.	eldarova pc	eldarova pc	NA	
53	Lak	Standard Lak 	language	no	no	Светлой памяти	no	rahmat	no	may his sins be washed away	no	may his sins be washed away	yes	ʡaˁpa	no			Nina Dobrushina	Аьпа биву	аьпа биву, вил ппу ххуйсса инсан ик1айссия покойный твой отец был добрый человек;						abdullaev2015	abdullaev2015	NA	
53	Lak	Kuba  	language	no	no	Светлой памяти	no	rahmat	no	may his sins be washed away	no	may his sins be washed away	yes	ʡaˁpa	no			Nina Dobrushina	аьпа ба-н	Тту-л ттатта аьпа ба-н ца-л уя ххуй-сса къатлу-л усттар			I.Obl-Gen grandfather funeral.wake 3.do-Nmlz self-Gen was good-Attr house-Gen master						
	Lezgian	Tsnal	language	no	no	Светлой памяти	yes	rahmat	no	may his sins be washed away	no	may his sins be washed away	no	ʡaˁpa	no			Nina Dobrushina	Рягьмет хьайи	Рягьмет хьайи Мегьамдан рикl алай затl тир има 		rähmet xa-ji Mehamdan rik' alaj zat' tir ima	mercy be-AOR.PTCP mohammad heart be.on-PTCP thing COP.PST ?	покойный Магомед любил эту вещицу	The late Mohammed loved this thing.	Fazir Dzhaliev, p.c.	fazir dzhaliev pc		
	Lezgian	Standard Lezgian	language	yes	yes	Светлой памяти	yes	rahmat	no	may his sins be washed away	no	may his sins be washed away	no	ʡaˁpa	no			Nina Dobrushina	Рягьмет хьайи	регьмет хьайи Муса 		rehmet xaji Musa		покойный Муса		Талибов, Гаджиев 1966: 275	talibov1966	397	
57	Nogai	Standard Nogai	language	yes	yes	Светлой памяти	no	rahmat	no	may his sins be washed away	?	may his sins be washed away	no	ʡaˁpa	other	light		Nina Dobrushina	яткан ери ярык болсын					пусть могила его будет светлой	may his grave be bright.	Гульфира Бекмуратова pc		396	
	Ossetian	Iron		yes	yes	Светлой памяти	no	rahmat	no	may his sins be washed away	no	may his sins be washed away	no	ʡaˁpa	other	light		Nina Dobrushina	рухсаг уæд (светлый быть.imp.3sg)	Мæ                  фыд-ы-мад,     рухсаг          уæд тынг     зæрдæхæлар адæймаг уыд		mɜ              fǝd-ǝ-mad,     ruxšag    wɜd   tǝng     žɜrdɜxɜlar adɜjmag wǝd 	poss.1sg          father-gen-mother  bright    be.imp.3sg  very kind       person   be.pst.3sg	Моя бабушка, светлая ей память, была очень добрым человеком	My grandmother, of blessed memory, was a very kind person				
59	Rutul	Mukhad	dialect_toplevel	no	yes	Светлой памяти	yes	rahmat	no	may his sins be washed away	no	may his sins be washed away	no	ʡaˁpa	no		раIхIмет выъыд	Nina Dobrushina	раIхIмет выъыд	раIхIмет выъыд Кьурбан				покойный Курбан; светлой памяти Курбан		alisultanov2019	alisultanov2019	259	
62	Rutul	Kina	village	yes	yes	Светлой памяти	yes	rahmat	no	may his sins be washed away	no	may his sins be washed away	no	ʡaˁpa	no		в корпусе то raˁhmat, то raˁχmat 	Nina Dobrushina	raˁhmat hawɨd	q'ix-dɨ rɨš-e-d  dawat w-aʔa-ga  mij-aː  xu-ʔ  raˁhmaˁt ha<w>ɨ-d šu-beši-kan			big-ATTR girl-OBL-ATTR wedding 3-do.IPFV-TEMP1 here(ESS)-IN.EL in.front-LAT mercy <3>do.PFV-ATTR brother-OBL.PL-COM	 старшей дочери свадьба когда делали отсюда туда с покойными братьями'	 when we arranged my eldest daughter's wedding, we went from here to there with my late brothers.	Kina Rutul Corpus			
62	Rutul	Kina	village	no	no	Светлой памяти	yes	rahmat	no	may his sins be washed away	no	may his sins be washed away	no	ʡaˁpa	no		в корпусе то raˁhmat, то raˁχmat 	Nina Dobrushina	raˁχmatɨʁ	raˤχmaˤtɨˤʁ šamχal xa jiqʼira				покойный Шамхал тоже умер		Kina Rutul Corpus			
63	Tabasaran	Mezhgul	language	yes	yes	Светлой памяти	yes	rahmat	no	may his sins be washed away	no	may his sins be washed away	no	ʡaˁpa	no			Nina Dobrushina	raˁhmatlu	ča-n         χl-ar.i-in-ǯi          duvu         χla-ra   ʁ-ap’-nu сам-gen  рука-pl-super-dir           этот(erg)  дом-add  pf-делать-pft  ha-c-dar                    zehmet-ar         ʁi-zig-u   insan  vu-j, emph-тот-adv-pl                труд-pl               pf-тянуть-part человек(abs) cop-pst  dumu raˁhmatlu  ha-mu aba. 3.p(abs)  умерший    emph-prox(abs) дедушка(abs)		ča-n χl-ar.i-in-ǯi  duvu χla-ra  ʁ-ap’-nu ha-c-dar   zehmet-ar  ʁi-zig-u  insan vu-j, dumu raˁhmatlu  ha-mu aba	self-gen  hand-pl-super-dir this(erg) house-add  pf-do-pft emph-that-adv-pl labour-pl pf-pull-part human(abs) cop-pst 3.p(abs)  dead   emph-prox(abs) grandfather(abs)	‘Своими руками дома построил он, такой трудящийся человек был он, покойный дедушка.’	He built houses with his own hands, such a hard working man he was, late grandfather.'	Bogomolova pc	xanmagomedovshalbuzov2001		
65	Tat	Verxnij Dzhalgan	village	no	yes	Светлой памяти	no	rahmat	no	may his sins be washed away	no	may his sins be washed away	no	ʡaˁpa	other	light	gerd- v. cf geşde.  geşde v. chercher (gerd-).	Nina Dobrushina		Василий гебюрю нур пур гердю		Vasilij  gebürü nur pur gerdü		Василий могила.его свет полный пусть.обернётся					
65	Tat	Verxnij Dzhalgan	village	no	no	Светлой памяти	no	rahmat	no	may his sins be washed away	no	may his sins be washed away	no	ʡaˁpa	other			Nina Dobrushina		Василий джугою дженнети гердю		Vasilij ǯugoju ǯenneti gerdü		Василий место.его райским да обернётся					
64	Tat	Verxnij Dzhalgan	village	no	no	Светлой памяти	yes	rahmat	no	may his sins be washed away	no	may his sins be washed away	no	ʡaˁpa	other			Nina Dobrushina		Василий худо рахмет сесу		Vasilij χudo rahmet sesü		Пусть Аллах будет доволен					
66	Tindi	Tindi	village	yes	yes	Светлой памяти	no	rahmat	yes	may his sins be washed away	ablution	may his sins be washed away	no	ʡaˁpa	no		бучу́чиᴴлъ’а купаться, стирать ЧУРИ1 III (-л1а, -би) рел. омовение (перед намазом)', чури игьилъ’а совершить омовение, омыться; чури ба- хЯйлъ’а (/бич1айлъ’а) нарушить омовение	Nina Dobrushina	муна́гьи чýрийув	муна́гьи чýрийув		munahi čurij-u-w 	sin perform.ablution-PTCP-M	при упоминании о покойном: да смоются его грехи (букв. смывший грехи)		magomedova2003	magomedova2003	265	
66	Tindi	Tindi	village	yes	no	Светлой памяти	no	rahmat	yes	may his sins be washed away	wash	may his sins be washed away	no	ʡaˁpa	no		бучу́чиᴴлъ’а купаться, стирать ЧУРИ1 III (-л1а, -би) рел. омовение (перед намазом)', чури игьилъ’а совершить омовение, омыться; чури ба- хЯйлъ’а (/бич1айлъ’а) нарушить омовение	Nina Dobrushina	муна́гьи бучуᴴв	муна́гьи бучуᴴв 		munahi buču~-w 	sin wash-PTCP-M	при упоминании о покойном: да смоются его грехи (букв. смывший грехи)		magomedova2003	magomedova2003	265	
67	Tsakhur		village	yes	yes	Светлой памяти	yes	rahmat	no	may his sins be washed away	no	may his sins be washed away	no	ʡaˁpa	no			Nina Dobrushina	Ра1гьматтых	Ра1гьматтых Рамазан Чапханайна мудирний ворна					Покойный Рамазан был заведующим типографии.	ibragimovnurmamedov2010	ibragimovnurmamedov2010	297	
67	Tsakhur		village	yes	no	Светлой памяти	yes	rahmat	no	may his sins be washed away	no	may his sins be washed away	no	ʡaˁpa	no			Nina Dobrushina	Ра1гьматтых	Херни йичеэ ра!гьматыххъа ар- к1ынни йичойна дех у1гъдейхъа алярт1у Старшая сестра взяла на опекунство сына умершей сестры.						ibragimovnurmamedov2010	ibragimovnurmamedov2010	297	
67	Tsakhur	Gelmets	village	yes	yes	Светлой памяти	yes	rahmat	no	may his sins be washed away	no	may his sins be washed away	no	ʡaˁpa	no			Nina Dobrushina		Йизна рагьматыгъ дедей, югна галайчи ыхьа.  Мой покойный дед хороший лудильщик был					Мой покойный дед хороший лудильщик был	Tarlan Dadaev, pc			
68	Tsez		dialect_nt1	yes	yes	Светлой памяти	no	rahmat	yes	may his sins be washed away	wash	may his sins be washed away	no	ʡaˁpa	no		ЭСА/ДÁ (-х, -с, -дан, -д) 1) мыть; хIухI эсада умываться, мыть лицо; рекьиби эсада мыть руки 2) стирать; шекьу эсада стирать белье (одежду)	Nina Dobrushina	мунахI эсадан	мунахI эсадан		munaħ esad-an	sin 3.wash-FUT	 да смоют (его) грехи, да простят (его) за грехи		khalilov1999	khalilov1999	362	
68	Tsez	Kidero	dialect_nt2	no	no	Светлой памяти	no	rahmat	yes	may his sins be washed away	wash	may his sins be washed away	no	ʡaˁpa	no			Nina Dobrushina	мунагьйаби эсадол1	Дей эжени бабийу (Аллагьа несис мунахIйаби эсадол1) игу устар зовс		dej eženi babi(j)ü-s allah-a nes-is munaħ(j)-äbi  esad-oƛ igu ustar	I.GEN old father-GEN  Allah-ERG REFL-GEN wash-OPT good craftsmen	мой дедушка, да простит аллах его грехи, хороший мастер был	my grandfather, may Allah forgive his sins, was a good craftsman.	Ibragim from Kidero			
13	Tsova-Tush	Zemo-Alvani	village	yes	no	Светлой памяти	NA	rahmat	NA	may his sins be washed away	NA	may his sins be washed away	NA	ʡaˁpa	NA			Nina Dobrushina								holiskygagua1994	holiskygagua1994		pages are not numbered in the available copy
	Tukita	Tukita	village	no	yes	Светлой памяти	no	rahmat	no	may his sins be washed away	no	may his sins be washed away	no	ʡaˁpa	other	paradise	гигьири - делание	Nina Dobrushina	ħal alžanɬini misari - душа в раю нахождение	 	Гьинк1яв дадащуб, апагири х1ал алжанлъини миНсари Зирар-Дибирщуб	hinkʼʲaw dadašːub, apagiri ħal alžanɬini minsari zirar-dibiršːub		 Про дедушку, покойного, душа в раю нахождение, про Зирар-Дибира '		Michael Daniel, p.c.			
	Tukita	Tukita	village	no	yes	Светлой памяти	no	rahmat	no	may his sins be washed away	no	may his sins be washed away	yes	ʡaˁpa	no			Nina Dobrushina	apagiri							Michael Daniel, p.c.			
	Tukita	Tukita	village	no	yes	Светлой памяти	no	rahmat	yes	may his sins be washed away	wash	may his sins be washed away	no	ʡaˁpa	no		МЫТЬ        1. Она помыла руки. 2. Она моет посуду.        мунчидегу        мунчи        мунча        меняется ли по роду или числу?        yes        вунчи        йинчи        мунчи        мунчи        нунчи    гигьири - делание	Nina Dobrushina		Мунагьиби нунчакьа апагирищуре   		munahi-bi n-unč-a-L'a apagiri-š:u-r-e	sin-Pl NPl-wash-Imp-OPT late-Obl.M-NPl-Gen	пусть грехи смоет, скажи, у переселившегося в мир иной		Michael Daniel, p.c.			
69	Udi	Nizh	village	yes	yes	Светлой памяти	no	rahmat	no	may his sins be washed away	no	may his sins be washed away	no	ʡaˁpa	other	light		Nina Dobrushina		 Есть выражение соболезнования (БухаджIугъон хашкъанби), которое наверное может сопровождать, но оно само слабо анализируемо, т.е. первое слово это эргатив от "Бога", хаш отдельно значит "луна, месяц, свет", -къан это юссив, би это аорист "делать". То есть как будто это пожелание от глагола хаш-би "луну сделать", как бы "чтобы Бог луну/свет сделал" (видимо, умершему)						maisak2006	maisak2006	1	